entity_id	business_name	business_address	country
S1-424976769	BS Projects	Shop No.- 4, Ground Floor, 59/101 Kanhaiya Plaza, Dalmandi, Canal Road, Kanpur, Uttar Pradesh	India
S1-88224713	Seaways & Associates	Plot No : 318 Village Baska, Taluka - Halol, Vadodara, Panch Mahals, Gujarat	India
S1-643535950	Lyrelle Wave LLC	7503 Laytonia Drive, Gaithersburg, MD	US
S1-505333132	Clemons Silver Eastern Inc	1619 Julia Park Drive, Spring, TX	US
S1-315874798	Changodar Services	44 C Ashwamegh Industrial Estate Sarkhej-Bavla Highway, Tal- Sanand, Vill., Changodar, Ahmedabad, Gujarat	India
S1-105568631	Economic Development Coalition IV	189 Laurel Road, Arden, NC	US
S1-922626199	Sarasiya Consulting Private Limited	Plot No- 271-A, Vipin Garden Uttam Nagar, New Delhi, West Delhi, Delhi	India
S1-953694901	St. Lutheran Church LLC	Crown Point, IN, 787 Ronny Court	US
S1-262997549	Gabriella's Preferred Security	1013 Girard Avenue, Indianola, IA	US
S1-56911061	Keystone Environmental Consultants Inc	1809 Fairview Street, Burlington, NC	US
S1-217362890	Gatewood's Iron Works	4500 Dewey Avenue, Unit Unit 16, Greece, NY	US
S1-81771195	XX Apex Nippon	5604 Brooklyn Avenue, Kansas City, MO	US
S1-244810289	Celestial Memorial Trust	No. 35, Brentwood Apartments, Defence Colony, 2Nd Main, Indiranagar, Bangalore, Karnataka	India
S1-389414274	Benzer Intelli Group	Kolanghattil House, Ward13, No 92, Kalloor Post, Chavakkad, Thrissur, Kerala	India
S1-439203009	Ace Producer Private Limited	H No 847 S No 113/12 Opp Patil Enclave, Pune, Maharashtra	India
S1-862038247	Waters & Millar Aimei P.C.	6267 Passing Sky Drive, Security-widefield, CO	US
S1-155848476	Downtown Bakery	1501 Tacoma Avenue, Unit #202, Tacoma, WA	US
S1-184017157	Star Enterprises Pvt Ltd	903, C Wing, Presidential Towers, L.B.S. Marg, Opp. R. City Mall, Ghatkopa, R (W), Mumbai, Maharashtra	India
S1-39001923	Pediatric Dentistry Capital Health, Inc	909 Jackson Street, Pittsfield, IL	US
S1-3006430	Surgical Health Inc	200 Links Lane, Fl GROUND FLOOR, Waterloo, IL	US
S1-887286027	Sadyne Sony Inc.	1 Stewart Road, Kortright, NY	US
S1-574902381	Wilson, Chon and Ashe Corp	1108 Clay Street, Glenwood, AR	US
S1-342756019	Giralda Greenwood, D.O., PC	184 Turbine 7 Road, Refugio County, TX	US
S1-849670817	Strategic Praetorian	702 N Street, Washington, DC	US
S1-541270202	Sofie Greenman, O.D.	356 Bell Factory Road, Huntsville, AL	US
S1-785467099	Direct Grid Corp	9906 Fieldcrest Drive, Omaha, NE	US
S1-144526682	Davis & Decker	1361 Norby Road, Kiantone, NY	US
S1-38836424	Hendrickson Horizon Paloma LLC	673 Larch Avenue, East Wenatchee, WA	US
S1-924630389	Piyush Educational Society	No.A/4, Rahat Garden Apartments, Sakthi Nagar First Main Road, Jamin Pall, Avaram, Chennai, Tamil Nadu	India
S1-721605946	Siddharth Constructions Pvt Ltd	Khasmallick, P.O.- Dakshin Gobindapur Ground Floor, P.S.- Baruipur, Kolkata, Parganas South, West Bengal	India
S1-287953061	Mack, Ramirez and Lange Triumph Inc	6491 Denneys Road, Dover, DE	US
S1-549559960	Hari Urban Ventures Pvt Ltd	8-491, Sai Nilayam, Flat No Ff-1, Srls Colony, Vijayawada (Rural), Krishna, Andhra Pradesh	India
S1-24234371	Education Committee	335 Terry Boulevard, Islip, NY	US
S1-692219144	Cornerstone Desert Enbridge	6613 Edith Boulevard, Albuquerque, NM	US
S1-996012175	Ferguson Webster PLLC	880 June Terrace, Unit UNIT 270, Lake Zurich, IL	US
S1-251124112	Dunkle and Caffee	500 Peconic Street, Unit Apartment 237A, Islip, NY	US
S1-140763859	Pediatric Dentistry Clinic of Northbrook	2501 Mayapple Court, Northbrook, IL	US
S1-9962387	Systel Buildstructure (India) Private Limited	1401, 14Th Floor, Plot -161, Raheja Majestic Manorama Nagarkar Marg, Taikalwadi, Mahi, M, Mumbai, Mumbai City, Maharashtra	India
S1-508701481	Red Energy Pvt Ltd	Plot No-371/1519, Uttampur, Near Meera Mandap, Cuttack Sadar, Cuttack, Orissa	India
S1-686913759	Behavioral Health Clinic	2493 Pennwood Court, Round Lake Beach, IL	US
S1-671241040	Board of Transportation	201 Kettle Moraine Drive, Village Of Slinger, WI	US
S1-466277913	Sterling Eastern Inc	8526 Kensley Lane, Lakesite, TN	US
S1-266344604	Dream Construction Private Limited	4A, 4Th Flr, Ram Krishna Abashan Phase-Ii Dr.B.C Roy Sarani, Jyangra, Baguiati, Kolkata, Parganas North, West Bengal	India
S1-399360980	Varshya Pharmachem Private Limited	No 26 Pattalamma Road Basavanagudi Near South End Circle, Bangalore, Karnataka	India
S1-879276752	Bryan Square LLC	850 Gorman Road, Gatesville, TX	US
S1-491795528	Anushree Sangh	Row House No B4, 14 /15, Hill View, Surekha Niwas Siddhivinayak Nagari, Nigdi, Pune, Maharashtra	India
S1-759418496	Sakash Point (India) Pvt Ltd	206 Subramniyar Koil Street Ramanathapuram, Coimbatore, Tamil Nadu	India
S1-145714579	Schubert Adr LLC	6445 Moors Place, Dublin, OH	US
S1-591062600	Vishnu Dealer Pvt Ltd	Word No.6 Kantabanji, Kantabanji, Sundargarh, Orissa	India
S1-531928114	Tri-State Guild	2915 Dares Beach Road, Prince Frederick, MD	US
S1-635996806	Global Consultants Private Limited	Mumbai, Maharashtra, Mumbai City, 306, Sangeet Plaza, Opp. Marol Fire Brigade, Marol Maroshi Road, Marol, Andheri (East, ).	India
S1-446697179	Jain Law Chambers	Flat No. 8, Varun Apartment 2 Ashar Estate, Upnagar Stop, Nashik, Maharashtra	India
S1-295437535	Kerala (India) Granites Limited	Medak, Telangana, Shivajinagar, Siddipet, 8-2-67/1/A/3/1	India
S1-508022910	Twyla's Liquor Corp	320 Flannery Lane, Silver Spring, MD	US
S1-776686932	Bn Technologies Ltd	Kallingalakathchennara P O Mangalam, Malapuram, Kerala	India
S1-745867296	Historical Foundation	22600 Dewberry Hollow, Leander, TX	US
S1-842582339	Heart Guild	605 Berkeley Way, Fl 1, Medford, OR	US
S1-6536886	Moon Analytics Private Limited	W/O Sh.Sanjai Kothar Pro., Samriddhi Shory Noda, Ajmer, Rajasthan	India
S1-830177070	Namma Brand Pvt Ltd	Aarjees Buildingssasthancoil Road Thycaud, Trivandrum, Palakkad, Kerala	India
S1-562378871	A Safe Cable	247 Nassau Avenue, Oyster Bay, NY	US
S1-891833169	Super 11 Barbershop	200 Arrow Street, Hempstead, NY	US
S1-331538406	Southern Properties Private Limited	Pune, S. No. 14, Glitterati Bldg., C 1103, Nr. Midori Tower, Maharashtra	India
S1-166609944	Rowe Restaurant	1685 Draper Road, Talladega, AL	US
S1-574271583	Thakkar Beauty Private Limited	C/O Dr.(Mrs) Mina Sinha, Flat No-401, 4Th Floor, Vijayshree Complex, Kankarbagh, Sampatchak, Patna, Bihar	India
S1-683515854	Shiva Exports	Charitravan Buxar Infront Of Mv College, Buxar, Bihar	India
S1-274126313	Obsidian, LLC	3907 Hamilton Road, Deer Park, WA	US
S1-243930232	Q+ State LLC	1641 Iliff Avenue, Cincinnati, OH	US
S1-854284989	Kimble Society	125 Guest Street, Unit 421, Boston, MA	US
S1-485414585	Engleman Ford LLC	314 Murdock Road, Govans, MD	US
S1-178800424	Lower School of Medicine	MN, Belle Plaine, 24221 Kittson Boulevard	US
S1-292900819	Services Tycon Connect Partners	Shop No. G-01-C, Mangalam - Residency Apartment, Pragati Nagar, Ajmer, Rajasthan	India
S1-666499407	Vadapalani Projects Pvt. Ltd.	No.75, Natarajan Street, Dhanalakshmi Colony, Vadapalani, Chennai, Tamil Nadu	India
S1-107023539	Palmer Fresh Tribeca	2898 Gibraltar Street, Brownsville, TX	US
S1-102811957	Payne Enterprises	3315 Fremont Street, Peoria, IL	US
S1-8713989	Li Sterling Technology LP	8057 Little Circle Road, Noblesville, IN	US
S1-343815751	Dahlia Power Reliable Scientific LLC	630 45th Terrace, Kansas City, MO	US
S1-45260965	Laurette's Entertainment	56 Beal Street, Unit 2, Winthrop, MA	US
S1-741937259	Lavinia Oehler, DDS	MA, 452 Whistleberry Drive, Barnstable	US
S1-777597828	Uptown Pub	6114 10th Avenue, Spokane Valley, WA	US
S1-136601270	Jai Trading Private Limited	13/259D, Ss Building, Near Kerafed, Muthambiroad, Quilandy, Kozhikode, Kerala	India
S1-453879293	Clary Daniel Heritage Sciences	4045 Berberis Way, Wilmington, NC	US
S1-772737756	YK Computing	118 Gladys Street, Houma, LA	US
S1-95631098	Stewart, Giroux & Goodman LLC	921 Veterans Lane, Crown Point, IN	US
S1-574308285	Atlantic Coalition	104 Noel Cove Circle, Nashville, TN	US
S1-307962633	Historical Committee Inc.	3823 Hidden Cove Court, Rockwall, TX	US
S1-72310418	Burger Solution Limited	Flat No. A702, 1St Main, Mantri Classic, 8Th Cross S.T. Bed Layout, Koramangala, Bangalore, Karnataka	India
S1-318373630	Red Ventures Private Limited	Rajasthan, Jaipur, Banipark, Gokul Apartment, E-3A Kanti Chandra Road, G-1	India
S1-86469552	Nelson Sumitomo LLC	73 Old Meadow Lane, Bath County, VA	US
S1-136081707	Green Global Apogee	60 Taft Brook Road, Dover, VT	US
S1-736418916	Sonipat Engineering	Khewat No 88, Kila No-45/12/1/3/5 Narela Road, Piau Maniyari, Kundli, Sonipat, Sonepat, Haryana	India
S1-445868199	Physical Therapy Group Inc	7311 Madison Commons Lane, Houston, TX	US
S1-247776121	Peak Retail Labs	2264 Chapel Road, VT, Bennington	US
S1-734355564	Creative Defense Systems LP	2502 Pixton Drive, Killeen, TX	US
S1-654156225	KBM Research Private Limited	C/O Arvind Kumar, S/O Ram Sujan Prasad, Asochak, Police Station-Ramkrishan Nagar, Patna, Bihar	India
S1-106072003	Anchor Vista Inc	Burnsville, MN, 2601 Valley View Drive	US
S1-302869473	International Automation Consultants Inc	329 Rev Walton Drive, Lockport, IL	US
S1-679981169	Behavioral Health Specialists	TN, Maryville, 701 Old Glory Road	US
S1-657325262	Miller & Perry P.C.	3824 Cedar Ridge Drive, Norman, OK	US
S1-935335906	Ortega Clear End LLC	20630 Castle Bend Drive, Katy, TX	US
S1-170252930	Keystone Tri-State Ethereum LLC	1304 Woodland Street, Springfield, MO	US
S1-888185705	North Infra Private Limited	Khasara No-961/1, Ground Floor, Right Portion, Vill- Mahipalpur, New Delhi, South West Delhi, Delhi	India
S1-103101914	Midwest Trusted Management Inc	OK, Kingfisher, 16058 820 Road	US
S1-214603601	Bright Vance Inc	7675 Southwick Drive, OH, Dublin	US
S1-93741603	Aguilar Diversified LLC	21255 Summit Drive, Sheridan, OR	US
S1-635770223	TG Ridge Bread LLC	9760 Stradley Road, OH, Eden Twp	US
S1-472139199	Melania Garcia Tankers	261 Heritage Hil Parkway, Unit 6106, Venus, TX	US
S1-289512402	Safe Supply International	TX, Cypress, 20126 Crossvine Trail Lane	US
S1-161556164	ZA Buildwell Private Limited	Sameer Nagar Ward No- 25 District- Khagaria, Bihar, Khagaria, Bihar	India
S1-264156494	Diksha Technologies Private Limited	A-401, Nitesh Central Par, Bagalur Main Road, Bangalore North, Bangalore, Karnataka	India
S1-849274176	Aarvita Biosciences Private Limited	No.41, Ponnambalam Salai, K.K.Nagar, Chennai, Tamil Nadu	India
S1-54193164	Bardia Charitable Trust	Plot No.12 Flat No.03, Shri Radhe Apartment Opp. Sndl Office, Wardhaman Nagar, Nagpur, Maharashtra	India
S1-897282581	Bowden Ridge Development LLC	248 Night Riders Way, Jarrell, TX	US
S1-612170454	Laxmi Logistics Limited	Muthu Sheth Chawl R No 5 Jamil Nagar, Bhandup, Mumbai City, Maharashtra	India
S1-840162906	Summit Health LLC	95 Forest Edge Drive, Eads, TN	US
S1-654078241	Southern Estate	F-21, S/F, Lado Sarai, New Delhi, South West Delhi, Delhi	India
S1-821434436	Pediatric Dental Medicine PC	4735 Heber Springs Road, Ida, AR	US
S1-149024193	Om Investment	C/O Dharm Vir, Dg-695/1, Sethan Mohalla Ward No.7, Kaithal, Haryana	India
S1-730719211	Renee G. Garcia, O.D.	516 Main Street, Cleburne, TX	US
S1-7293388	Chordia & Partners	Faridabad, 1038 Sector 9, Haryana	India
S1-478804382	Global Traders Private Limited	17/1, New Road, Jhansi, Uttar Pradesh	India
S1-945360052	Rachana Reality	West Bengal, Kolkata, 170/1 Lower Circuler Road, Howrah, Kolkata	India
S1-989976700	Rowland and Porter Inc	715 8th Avenue, Stillwater, OK	US
S1-936762728	Jai Construction Pvt Ltd	D 207 Lal Building Omicron 1 Greater Noida, Noida, Gautam Buddha Nagar, Uttar Pradesh	India
S1-115827165	Grubb Best Bancshares LLC	6704 Centerville Court, Whitsett, NC	US
S1-887125153	Life Public School	Consulate - 1 No.1, Richmond Road, Bangalore, Karnataka	India
S1-660909577	Oncology Physicians of Gorham Corp	3662 364, Gorham, NY	US
S1-86989137	Laxmi Golden Investments Private Limited	New Bridge Business Centre'S 11Th Floor, N1 Block Embassy Manyata Business Tech Park, Naga, Wara, Bangalore, Karnataka	India
S1-739445941	Silver Investment Private Limited	H 1301, Purva Skywood, Silver County Road, Haralur, Bangalore, Karnataka	India
S1-816256578	Sun Software Limited	5 Krishna Shopping Centre, Opp Dahisar Stn, P J Rd Dahisar E, Mumbai, Mumbai City, Maharashtra	India
S1-555242352	Prime Media Pvt Ltd	C/O Ramesh Bhagchand Ginnare Dharampuri, Khandwa, Indore, Madhya Pradesh	India
S1-439955051	Clean Genomic Collective	13919 28, NY, Forestport	US
S1-314714647	Seabird (India) Projects-Lucknow	Lucknow, 3/77, Lucknow, Vipul Khand, Opp. Study Hall School Gomtinagar, Uttar Pradesh	India
S1-862024840	South Estate Private Limited	12, Gali No-16, Vijay Colony, Burari, New Delhi, Delhi	India
S1-214010889	#Raex Excavation	2650 County Road 152, Unit 2650, Fieldton, TX	US
S1-202262115	Mercado Guardian	VA, Portsmouth City, 401 Stratford Street	US
S1-304029686	Whipple & Williams Acquisition, LLC	16801 920, Poolville, TX	US
S1-805056706	Prairie Development	4983 Burkemont Road, Morganton, NC	US
S1-216137765	Gold Projects Pvt Ltd	Flat No.A-1101, 11Th Floor, Advaitha Aksha Apartment A Block, Jakkasandra Grama, Bangalore South, Bangalore, Karnataka	India
S1-818149988	Vadyne Inc	Greensboro, 1604 Washington Street, NC	US
S1-646393119	Rariva Metro Summit LLC	30 Sequoia Drive, Phoenix, AZ	US
S1-379863265	Buckles & Smithson	336 Stone Drive, Santaquin City (utah Co), UT	US
S1-945578383	Eye Physicians of Elmhurst	602 Indiana Street, Elmhurst, IL	US
S1-139001469	Atlas Armour LLC	3684 Pumice Avenue, Redmond, OR	US
S1-237739500	Perfect Exports Pvt Ltd	Jaipur, Samridhi Tower, Iiird Floor, Near Sbi Bank Jda Central Market, Amrapali Circle, Vais, Hali Nagar, S-1, Rajasthan, Jaipur	India
S1-534481010	Orissa Pressing Private Limited	21 Gandhipuram Main Road, Komarapalayam- Salem Dist., Komarapalayam, Salem, Tamil Nadu	India
S1-604865181	Gold It Private Limited	123, First Floor, Sahjanand Park, Nr. Swaminarayan Temple, Shahibaug, Ahmedabad, Gujarat	India
S1-543874807	Pam W. Mayeda, O.D., DDS PC	19914 Red Chili Street, Spring, TX	US
S1-929320417	SQ Concord LLC	3813 Collins Ln, Louisville, KY	US
S1-144239108	Mumbai Marketing Private Limited	Flat No.5, 2Nd Floor, Nalini Apartment, Plot No.347/A, Linking Road, Khar West, Mumbai, Mumbai City, Maharashtra	India
S1-625272950	Urology Care Associates	Harlingen, 163 Nueces Park Lane, TX	US
S1-145361722	Dick Regional Armada Corp	33466 Warwick Hills Road, Yucaipa, CA	US
S1-997802413	Devotion Dealmark Pvt. Ltd.	Vashiplaza1St Floorbwingofficeno380Sec-17Vashi, Navi Mumbai, Maharashtra	India
S1-350234058	Liberty Heritage Maintenance LLC	22642 Ledges Drive, Athens, AL	US
S1-67172650	Apar Engineering (India) Private Limited	Bangalore, 32, Karnataka, Bangalore, Lake View Apts116, Gangadharachetty Road Ulsoor	India
S1-63990887	Devendra Carrier Company	C/O Yogesh Bhatia, Villag, Post Rooma Khajaupur, Rooma, Kanpur Nagar, Uttar Pradesh	India
S1-502736054	First Seven Exports Pvt Ltd	Maharashtra, At Shahagad Tq. Ambad, Jalna	India
S1-730934468	Orellana Investments LLC	728 A Quail Avenue, Fl Ground Floor, Geneva, IA	US
S1-30407062	Jainsons Homes	No.4/56, Kodambakkam Varadarajapet Main Road, Chennai, Tamil Nadu	India
S1-288276341	Sai Energy Limited	No. 501, Karnataka, Bangalore, 5Th Floor, Brigade Tower, 135, Brigade Road, Bangalore North	India
S1-247801289	Blue Liberty Triton Inc	18 Day Street, Unit 208, Somerville, MA	US
S1-432931957	Internal Medicine Signature Associates L.L.C.	2780 Rock Creek Road, Creston, NC	US
S1-656753428	Ss Food Private Limited	Af-684, Nandgram Near Mother India Public School. Ph. 989, 9487203, Ghaziabad, Uttar Pradesh	India
S1-894323554	Dyer and Reyna Plum LLC	OH, Unit G, Columbus, 5123 Cedar Drive	US
S1-727602285	Swastik Om Solutions LLP	201/D, Aditya, Svp Nagar Andheri (W), Mumbai, Mumbai City, Maharashtra	India
S1-399285508	Rodriguez Chenghe Inc	6112 Roling Road, Jefferson City, MO	US
S1-282467635	Prem & Sons Pvt Ltd	D-4, Chandana Apartments82, Infantry Road, Bangalore, Karnataka	India
S1-65040114	Sabol College	126 1st Street, Oxnard, CA	US
S1-618624562	Foot & Ankle Specialists	117 Daring Paintbrush Cove, San Marcos, TX	US
S1-618246590	Pretty Constructions Corporation	#12 Ward No 22, 2Nd Cross, Rahamaniya Nagar, Ramanagar, Bangalore Rural, Karnataka	India
S1-567308588	Zander Blue Co	9236 Meadowmont View Drive, Charlotte, NC	US
S1-518197819	Primary Care Clinic LLC	351 11th Street, Washington, DC	US
S1-854952911	Johnson Holdings Group LLC	Saint Paul, MN, 5300 East Street	US
S1-73533983	Orthopedic Specialists Inc	2701 France Avenue, Minneapolis, MN	US
S1-546142636	Crystal Staffing Solutions LLC	8706 Kentucky Derby Drive, Waxhaw, NC	US
S1-477776195	Dynamic Biomedical Networks LLC	270 School Hill Road, Cecil Township, PA	US
S1-921549539	Clover Olympus Sn-65/12/C Ghorpadi Sopan Baug Construction Private Limited	Fl-21, Clover Olympus Sn-65/12/C Ghorpadi Sopan Baug, Pune, Maharashtra	India
S1-561619160	Hutcherson Investments	4170 Greer Road, Verona, IL	US
S1-83647344	New India Private Limited	Fl 401, Telangana, Sri Niketan Abhinandana Aprt. Ayyappa Society, Nr.Cgr Int. Pl.250 251, Madhapur, Hyderabad, Rangareddy	India
S1-553375105	Kozlowski, Lopez & Smith LLC	5842 Baileys Ridge Drive, New Kent County, VA	US
S1-609996572	Future Management Pvt Ltd	C 199, Third Floor Sarvodaya Enclave, New Delhi, South Delhi, Delhi	India
S1-550488938	Jaipur (india) Partners	50, Sikar Road, Parasram Nagar, Dahar Ke Balaji, Jaipur, Rajasthan	India
S1-781132420	Frontier Alliance	117 Triana Boulevard, Huntsville, AL	US
S1-503957000	AP Hospitality Inc	20085 Us 23, Circleville, OH	US
S1-29845983	Hendricks and Flowers Inc	33 Sleepy Hollow Drive, Danbury, CT	US
S1-900694722	Green Staffing Group Group	Springfield, IL, 41 Groton Drive	US
S1-116043204	Red Consultants Pvt. Ltd.	C/O Tapas Kumar Betal, Bhogpur, Purba Medinipur, Panskura, East Midnapore, West Bengal	India
S1-616588883	Cao Assets Inc	769 Sir Philip Drive, Salt Lake City, UT	US
S1-582619930	Consulting Ujjwal India Private Limited	1 Thank God Building, 176, D. K. Sandu Marg, Near Chembur Po St Office, Chembur., Mumbai, Maharashtra	India
S1-719571188	GN Starling Partners	75 Loxwood Street, Unit 2, Worcester, MA	US
S1-625699510	Engracia Fuhrmann Wells LLC	3452 Brinkley Road, Unit 201, Temple Hills, MD	US
S1-271831358	C 8 Supreme Management LLC	Bay, AR, 2202 Ar 158 Highway	US
S1-789009573	Hotel Enterprises Limited	Wz-187C Shop No.13, 14 Kh. No.47 S/F. Vikaspuri Budhela Village Behind Oxford School, Delhi, West Delhi, Delhi	India
S1-444476349	Rico Seva Samiti	Ashram Road Ahmedabad-9, Gujarat, C/O Bhupendra C Mohorowalafinal Plot No 503 Nr Reform Club Opp Nobles Nehrubridge, Ahmedabad	India
S1-359440945	Daon Continental Music LLC	7667 136, Terrell, TX	US
S1-965667	Maure Williams Colombier Inc	85 Wayne Avenue, Ticonderoga, NY	US
S1-680347141	Sorrells & Hanson LLC	24618 Shellbrook Drive, Huffman, TX	US
S1-842533642	Certified Digital Associates Center	6984 Vining Street, Chino, CA	US
S1-927655670	Jain Marketing Private Limited	Bihar, Mashrakh, Mashrakh Near Bsm Global School, Saran, Plot No 6560	India
S1-971070058	Slate Associates	OH, 356 Reed Avenue, Akron	US
S1-185938539	Sai (India) (india) Private Limited	12, B. T. Road, Khardah, P. O - Sukchar, Kolkata, Howrah, West Bengal	India
S1-652218682	13/85 Ameren Inc	103 Sherwood Avenue, Troy, AL	US
S1-9455909	Seven Sun Producer Private Limited	Unit 508, Crescent Business Square, 5Th Floor, Opp Gundecha Onclave, Khairani Road, Andheri East, Mumbai, Maharashtra	India
S1-425631822	Modern Precision Laboratories	10824 Edgewood Road, Harrison, OH	US
S1-540957762	Summit United Power LLC	Elk Grove, 5949 Snow Leopard Circle, CA	US
S1-731542669	Blankenship and Russo Inc	1339 E Street, Unit 306, Washington, DC	US
S1-473377609	Wave & Brothers Ltd	Plot No. 65, Mahada Colony, Sai Nagar, Nagpur, Maharashtra	India
S1-971813156	Education Center	3025 Sanford Road, Atwater, OH	US
S1-438778357	Astrid Farms Pvt Ltd	G-2 Friends Ashiana Master Plan Road, Khandari, Agra, Uttar Pradesh	India
S1-76693096	Chennai-34. Tel Private Limited	No.199, Valluvarkottam High Rdnungambakkam, Chennai-34., Tamil Nadu	India
S1-439810025	Tiena L. Hamilton, DDS	31415 Orchard Hill Lane, Spring, TX	US
S1-957102563	Vadodara Industries Pvt Ltd	5Th Floor, E/504-A, Lalita Tower Jetalpur Road, Vadodara, Gujarat	India
S1-6107395	Nexan Machines LLC	660 Tonawanda Street, Buffalo, NY	US
S1-452967807	Empire Resources Inc.	508 Dayton Road, Rock Hill, SC	US
S1-994893973	Exports Ds Homes Private Limited	35, Viman Nagar, Behind Anand Theatre, Secunderabad, Hyderabad, Telangana	India
S1-652339606	Libra Service Limited	2 Rwm, Ravwala Soubhagya, Ravwala, Bajju, Kolayat, Bikaner, Rajasthan	India
S1-403692077	Health Committee	9400 Highway 165, North Little Rock, AR	US
S1-551473015	Prerna Products Private Limited	Kazhayickal House West Kodiyathoor, Po Kodiyathoor, Kozhikode, Kerala	India
S1-649259801	Guru Solutions Pvt Ltd	443 Kantharaju Urs Road T K Layout, Mysore, Karnataka	India
S1-539763792	Internal Medicine Silver Care	129 Geneva Road, New Bern, NC	US
S1-26175016	Cozy Hair Studio	725 Terrace Ridge Drive, Village Of Cottage Grove, WI	US
S1-838355310	Delphi Health Pvt. Ltd.	554, Nehru Nagar, Patliputra, Patna, Bihar	India
S1-65263544	Caldeon Nova	1 Greenbrier Drive, Kimberling City, MO	US
S1-754023472	Tri-State Aldel LLC	340 Deerfield Cove, Somerville, TN	US
S1-297294757	Aarvita Fabric Pvt. Ltd.	C/O Indrani, K.1, 1St Cross, Bangalore South, Bangalore, Karnataka	India
S1-692000596	Desai, Alanah, Esq., PC	584 Summer Street, Unit 1441, Holyoke, MA	US
S1-873415495	Charis's Cleaning Service Clinic	63 Amber Circle, Priceville, AL	US
S1-61094929	Hayes Holdings	121 Green Gables Way, Durham, NC	US
S1-632458045	East Institute of Technology	1 Auburn Road, Turner, ME	US
S1-521254993	Life Healthcare Private Limited	C/O Ketan Rajendra Mande, Dahiwad, Amalner, Amalner, Jalgaon, Maharashtra	India
S1-946063787	Northern Fox Inc	1855 Mechanicsburg Road, Unit C5, Wooster, OH	US
S1-525304403	True Factory Ltd	C/O Sri G P Srivastva At, Idagah Mohall, Dehri-On-S, Dehri, Rohtas, Bihar	India
S1-705293979	Poulsbo Express Fortress	470 Sommerseth Street, Poulsbo, WA	US
S1-72444401	New Solutions	113/154, 1St Floor, Swaroop Nagar, Swarup Nagar, Kanpur Nagar, Uttar Pradesh	India
S1-472424906	Foot & Ankle Associates Inc	2407 Wood Avenue, Kansas City, KS	US
S1-254440362	West Surgical, Inc.	400 Holstein Street, Unit Unit 2, Bridgeport Borough, PA	US
S1-540645835	FLV Holding Private Limited	No.3, 4Th Cross, Madina Nagar, Maniammai Street Rajakilpakkam, Kamarajapuram, Chennai, Tamil Nadu	India
S1-365634347	Modern Soulpower LLC	1002 Kensington Circle, Fredericksburg City, VA	US
S1-225124222	Jones, Padilla & Perry Qdro LLC	Winona, 24744 Fish Pond Lane, MN	US
S1-236768477	Srinidhi Developers Private Limited	Smruti Shilp, Sambhaji Nagar, Haveli, Pune, Maharashtra	India
S1-131928575	Jeanlouis Advantage LLC	70 Luna Trail, Southbury, CT	US
S1-234200949	Opulence Brothers Private Limited	Gh-97, Setor-5, Haryana, Gurugram, F No 705, Gurgaon	India
S1-693111833	Viraaj Brokerage (India) Corporation	16 Tara Chand Dutta Street, 3Rd Floor, Kolkata, Kolkata, Howrah, West Bengal	India
S1-292603366	Rrm Management Co	371, Main Road, A/P Jalalpur, Raibag, Belgaum, Karnataka	India
S1-463669205	Beacon Municipals LLC	15602 60, Borden, IN	US
S1-482246278	Tratech Crumrine LLC	Bath, NC, 369 Treasure Point Drive	US
S1-212509374	Hines Liberty Produce LLC	1286 Kents Ridge Road, Richlands Town, VA	US
S1-759513870	Nixa Literacy Association	874 Celtic Court, Nixa, MO	US
S1-731397769	Fasoft Midwest Biopharma	112 Hummingbird Hill Road, Franklin, NC	US
S1-152222475	Ram Maa Logistics Private Limited	G-1, Floor-Grd, One Avighna Park, Mahadeo Palav Marg, Curry Road Parel, Mumbai, Maharashtra	India
S1-679550141	Vijay Universal Exports Pvt Ltd	478/1, Bangalore North, Karnataka, Bangalore, Mshc Layout, Anandnagar, Hebbal, Anandnagar (Bangalore)	India
S1-557991692	Vinay Tele	48 Manuja Bhavancentral Avenue Road, Nagpur, Maharashtra	India
S1-658984896	Royal & Co Private Limited	2 & 3, Sterling Shopping Centre Opp. Himalaya Mall, Drive-In Road, Bodak, Dev, Ahmedabad, Gujarat	India
S1-536166111	HBH Infotech Private Limited	Bhopal, Huzur, Madhya Pradesh, Motiya Park, Near Kele Wali Masjid, H.No.72	India
S1-441851025	Preferred Global Procap	130 Buckingham Place, Lynbrook, NY	US
S1-727766958	IWQ Star Audio Installation	115 2180, Phenix City, AL	US
S1-542878809	Paix Enterprises Inc	3616 Tallow Forest Street, Dickinson, TX	US
S1-793444283	Foot & Ankle Care Associates	115 Hampton Circle, Georgetown, TX	US
S1-730297501	Gutierrez Service of Mesa Inc	2121 Main Street, Unit 2050, Mesa, AZ	US
S1-796816825	Red Global Limited	West Bengal, Panchagram, Badkulla, C/O: Malay Sarkar, Hanskhali, Nadia	India
S1-369720553	Station Global Co	No. 309, Shreshtabhumi No. 87, K.R. Road. Shankarapuram, Bangalore, Karnataka	India
S1-218988401	Siya Photography Pvt Ltd	19-2-179/1, Tadban, Hyderabad, Telangana	India
S1-638848187	Capano Labs LLC	Chicago, 11440 Union Avenue, IL	US
S1-790589419	Christy Tech (India) Limited	House No 707, 2 At Sarole, Post Vanasgoan, Niphad, Nashik, Maharashtra	India
S1-108246457	Quia	North Bethlehem Township, PA, 107 Sunedecker Road	US
S1-818389760	Hernandez's Spa	5057 Macnamara Drive, Spotsylvania County, VA	US
S1-292935703	Cozy Grill	617 Fourth Street, Watseka, IL	US
S1-723966103	American Montessori School Inc.	234 Twin Creeks Drive, Raeford, NC	US
S1-270043704	Filia's Electrical	9791 Ridge Road, Hartland, NY	US
S1-55344266	Raj Investments LLP	6(29), C.I.T. Colony, 2Nd Main Road Mylapore, Chennai, Tamil Nadu	India
S1-981013217	Vierra and Yahn Empire	1543 173rd Street, Hammond, IN	US
S1-906428444	Oncology Medicine Inc	711 9th Street, Etowah, TN	US
S1-432073164	Fayth Fritz Lifeco Corp	481 Northboro Road, Unit 4, Marlborough, MA	US
S1-298796171	RP Hennessy LLC	256 Mohawk Drive, High Point, NC	US
S1-385608858	Janashakti (India) Square Private Limited	105, Mangalmurti Sapphire, Nr Omkar School, 90 Ft Rd, Kalyan, Thane, Maharashtra	India
S1-302461695	TDN Herbs Private Limited	A 205, Juhu Taj Society, Jvpd Scheme, Road No 10, Near Hsbc Bank, Vile Parle West, Mumbai, Mumbai City, Maharashtra	India
S1-68028659	Buia	1703 Glenbridge Road, Bloomington, IL	US
S1-91229135	Pawan Pharmaceuticals Clinic	Bangalore, Chikkatogur, Bangalore South, Karnataka, #No 9 K No 95/121	India
S1-357837082	Rappaport Open Inc.	215 Elm Street, Fl 0, Alvord, TX	US
S1-612484899	Physical Therapy Care Associates Center	1168 Mere Point Road, Brunswick, ME	US
S1-225984658	Alaine's Fitness	4117 Wetzel Avenue, Cleveland, OH	US
S1-793447671	Integrated Unified Auto Repair LLC	8082 Armiger Drive, Fl 0, Pasadena, MD	US
S1-106444962	Pinki Luxe Private Limited	5/402, Krishnasthal Abheer Chs Ltd Mira Village, Ghodbunder Road, Mira Road, (E), Mumbai, Maharashtra	India
S1-894049089	Swastik Marketing	1301, 13Th Floor, Peninsula Business Park, Tower B, Senapatibapat Marg, Lower Parel, (West), Mumbai, Mumbai City, Maharashtra	India
S1-102422131	Mountain Bright Metlife L.L.C.	927 14th Street, Cloquet, MN	US
S1-477515156	Aksha Trading Pvt Ltd	Gurgaon, Dlf Phase 5, Sector 43, Golf Course Road, We Work Dlf Two Horizon Centre, Dlf Qe, Haryana	India
S1-965524997	Campbell Property Solutions	25 Crimson View Drive, Sedona, AZ	US
S1-967724835	Jagsakti (India) Infotech Co	Mumbai, Maharashtra, 301 Elphinstone House 17Marzban Rd Fort Opp Sterling Road	India
S1-573706294	Awesome Projects Private Limited	Chennai, Tamil Nadu, Chennai, No 107 Pondy Bazzar Thiyagaraya Road, T Nagar	India
S1-310827934	Desert Hennessy City Of Onalaska Inc	WI, 1007 Terrace Drive, City Of Onalaska	US
S1-424050882	Ram Foods LLP	Haryana, Cabin No.1, 2Nd Floor, Sector 16, Panchkula, Sco No. 18, Panchkula	India
S1-238175541	VWQ Brookfield LLC	Unit Apartment 1, 52 Losson Road, NY, Cheektowaga	US
S1-561341312	Balaji Investment Private Limited	Plot No. D-88 & D-90, Hyd, Telangana, Hyderabad, Jeedimetla	India
S1-18727616	Lumay Boral	1056 Belden Avenue, Akron, OH	US
S1-198632900	R 8 M Neuberger Inc.	9300 Perseverance Drive, Harrisburg, NC	US
S1-906973556	Baltimore, Young and Whitfield Corp	115 Carver Lane, Limerick Township, PA	US
S1-973290215	Gulf Ministries V Associates	WI, Village Of Weston, 5504 Jamar Street	US
S1-89774084	Ap Infocom Private Limited	14/307, Third Floor, Regency Appartment Johri Farm, Noor Nagar Extn., Delhi	India
S1-156380173	Pacific Best Garden, Inc	363 Blue Spruce Road, Clinton, AR	US
S1-876102895	Physical Therapy Clinic	5208 Beacon Falls Drive, Fl 1, Columbia, MO	US
S1-852122558	Prime Good Healthcare Private Limited	1St Floor Block B Road 14, Telangana, Hyderabad, Khairatabad, Sai Raghavendra Icon	India
