source1_entity_id	matched_entity_ids
S1-965667	S2-681193310,S2-743505751,S3-775321672,S3-11291185,S3-860443364
S1-55344266	S2-249013014,S2-197070651,S3-478195123,S3-384364074
S1-343815751	S2-790675320,S2-479876582,S3-878454467
S1-656753428	S2-153058913,S2-24659151,S3-679606215
S1-102811957	S2-478959098,S2-553508714,S2-625774905,S3-728090388,S3-928796641,S3-449308785
S1-18727616	S2-755677256,S3-187831601,S3-641489370,S3-476250621
S1-318373630	S2-660036492,S3-804600254
S1-86989137	S3-274817120,S3-312496301
S1-29845983	S2-648035184,S3-588502663
S1-789009573	S2-383871912,S3-74481402,S3-576451439
S1-730934468	S2-356983532,S3-352439310
S1-7293388	S2-7028416,S2-442723188,S2-157073701,S3-523120965
S1-546142636	S2-487600131,S2-582477216,S2-392804085,S3-200008747,S3-729771680,S3-249331830
S1-274126313	S2-736616474,S2-680265918,S2-51486805,S3-925631694,S3-461175723,S3-850112871
S1-145361722	S2-120366543,S2-939389287,S3-96572514
S1-503957000	S2-994658326,S2-235117490,S2-353308450,S2-173295926,S3-858763214,S3-33665521,S3-555791452
S1-692000596	S2-580419223,S3-164220452
S1-561341312	S2-483615364,S3-619529814
S1-777597828	S2-836452886,S3-413669121
S1-282467635	S2-938895481,S3-138350041
S1-727602285	S2-976870196,S2-947230367,S2-23141904,S2-138660620,S3-204655096
S1-302869473	
S1-65263544	S2-881122703,S2-998270769,S2-180463458,S3-403476502,S3-102573485,S3-350074034
S1-840162906	S2-129529678,S3-800978181,S3-139858754,S3-762681944,S3-799520471
S1-264156494	S2-184087846,S3-562014765,S3-544213330
S1-567308588	S2-191200521,S2-964733072,S2-226928496,S3-595927967,S3-21806256,S3-764465670
S1-292935703	S2-195749344,S2-617410789,S2-516200703,S3-421403180,S3-942647343,S3-533626303
S1-439810025	S2-983636768,S3-975833735
S1-525304403	S2-815373751,S2-293401164,S3-477957595
S1-314714647	S2-968477409,S2-46909251,S3-837108914,S3-192802051
S1-616588883	S2-603899205,S3-200505774,S3-625680391
S1-72310418	S2-516305116,S2-11779506,S3-570980846,S3-731160199
S1-9962387	S2-15221089,S3-160760047,S3-13637230
S1-463669205	S2-301757320,S3-242940401
S1-116043204	S3-85523430
S1-818149988	S2-489380965,S2-178277614,S2-172270636,S3-965578558
S1-876102895	S2-358560681,S2-791711694,S3-949391374,S3-856057185
S1-262997549	
S1-730719211	S2-467798366,S2-61695240,S2-241456014,S3-951830396
S1-491795528	S2-910694348,S2-977672203,S2-707708907,S3-449254398,S3-751371369,S3-198224533,S3-746009250
S1-508022910	
S1-473377609	S3-433876173
S1-72444401	S2-973800896,S2-9053863,S2-472011237,S2-503949813,S3-505153321
S1-67172650	S2-555166797,S2-74945214,S3-251407198,S3-520282171,S3-776312267
S1-131928575	S2-316703436,S2-529222224,S3-504772212,S3-134620134,S3-849706696
S1-574308285	S2-961415907,S3-163492874,S3-875723263
S1-225984658	S2-581845376,S2-355430647
S1-842533642	S2-352625664,S3-764018977,S3-553570072,S3-429170537
S1-736418916	S2-458035790,S2-271186953
S1-439203009	S3-967165288
S1-686913759	S2-584238851,S3-247609615,S3-446980961
S1-666499407	
S1-731397769	S2-962774422,S2-184664253,S2-811548929,S3-170055411,S3-794611761
S1-518197819	S2-585132276,S2-891724637,S3-14411598
S1-957102563	S2-327669113,S2-763063986,S3-368033022,S3-944940220
S1-693111833	S2-540189532,S2-289199523,S3-736726288
S1-244810289	S2-63598201,S2-351044090,S2-506711361,S3-742580559,S3-975365926
S1-561619160	S2-453284266,S3-105824861
S1-989976700	S2-824832347,S3-231189391,S3-279440303
S1-553375105	S2-81940621,S3-150800481
S1-638848187	S2-189915219,S2-193652635,S2-720163352,S2-385237185,S2-2393709,S3-823200767,S3-860885625
S1-152222475	S2-449137844,S2-981487936,S3-933485363,S3-784413899,S3-486655756
S1-214010889	S2-911687989,S2-11418208,S3-601290834,S3-402934592
S1-161556164	S2-331524837,S2-709771917,S2-857236633,S3-729432354,S3-91054277
S1-965524997	
S1-145714579	S2-425820120,S2-372650368,S2-126729754,S2-555326071,S3-745131290
S1-136081707	S3-494852042,S3-198554090
S1-973290215	S3-925530888
S1-389414274	S2-24125756,S2-933610960,S2-149253287,S3-993901020,S3-443891409
S1-439955051	S2-647999183,S3-158696226
S1-432073164	S2-790103206,S3-520531285,S3-275007071
S1-540957762	S2-25924850,S3-103890437,S3-404440111
S1-790589419	S2-103997796,S3-46701641,S3-242226202,S3-213905796
S1-540645835	S2-718774116,S2-982374245,S3-705881096
S1-830177070	
S1-731542669	S2-939487122,S2-403134793,S3-576199259,S3-535243754,S3-988120505
S1-24234371	S2-472862697,S2-60388632,S3-669346845,S3-585251996,S3-345200400,S3-809956848,S3-864938817
S1-365634347	S2-368827389,S2-897093331,S3-105919096,S3-61389060
S1-170252930	S2-233855016,S2-844572537,S3-391969183,S3-228972158
S1-243930232	S2-950290299,S2-337942322,S3-338228632
S1-379863265	S2-4788127,S2-358206813,S3-607360095,S3-270031565,S3-840504567
S1-652339606	S2-731383297,S3-626670274,S3-946979261,S3-207339762
S1-816256578	S2-58277947,S2-772902621,S2-20898154,S2-598783662,S3-330087840,S3-545757502,S3-499852307
S1-550488938	S2-918671514,S3-772751614,S3-651095723
S1-502736054	S3-82080725,S3-537652714
S1-649259801	S2-654066445
S1-453879293	S2-166379583,S2-769320396,S2-301969165,S3-428197164
S1-927655670	S2-226884833,S3-769824375,S3-708159263
S1-26175016	S2-795484451,S3-606010619
S1-385608858	S2-635808285,S3-393804899,S3-212832942
S1-185938539	S2-456005244,S3-880695057,S3-379662508,S3-846884848
S1-654156225	S2-775493531,S2-200519662,S3-871798312,S3-855861296
S1-541270202	S2-657479988,S3-31133661,S3-425705194,S3-381852444
S1-551473015	S2-753820444,S2-6101812,S2-588779033,S3-601294315,S3-772633035
S1-894323554	S3-255052963,S3-813027057,S3-287932701,S3-634456456
S1-212509374	S2-997766473,S2-598327313,S2-682745911,S3-635162337,S3-238736316
S1-359440945	S2-683352932,S2-940771150,S3-75226047,S3-137202105,S3-20852064
S1-102422131	S2-743086829,S3-778505908
S1-862038247	S2-451274541
S1-781132420	S2-553335027,S3-439667182,S3-277822614
S1-295437535	S2-969740937,S3-651788103,S3-918259250
S1-247801289	S2-718026833,S2-752280842,S3-255051180,S3-690379551
S1-618246590	S2-955993024,S2-339477476,S2-981272489,S3-963717882,S3-901155265,S3-958161415
S1-539763792	S2-26500789,S2-912528411,S3-741223656,S3-643822684
S1-89774084	S2-198723291
S1-854952911	S2-138434584,S2-180445273,S2-598796961
S1-292900819	S2-935808193,S2-791548670,S2-285810778,S3-511058262
S1-531928114	S2-104952404,S2-127219034,S3-110146591,S3-754675415
S1-945578383	S2-158613473,S2-914824440,S2-277106942,S3-413656991,S3-434437783,S3-849412812
S1-591062600	S2-170048686,S2-478640391
S1-444476349	S2-870449054,S2-774179184
S1-652218682	S2-452604901,S2-327770765,S2-892578739,S3-203105144,S3-936092443,S3-47477041,S3-959486209
S1-929320417	S2-479796481,S2-275012701,S3-241909309,S3-384706486,S3-455011584
S1-900694722	S2-791270538,S3-755958654,S3-53196875,S3-602669802
S1-202262115	
S1-741937259	S2-767782635,S3-167906319,S3-902008087,S3-738890866,S3-196963273
S1-6107395	S2-664730773,S2-389381313,S2-472559214,S3-782470874,S3-658460246
S1-83647344	S2-951545019,S2-777713487,S3-383555916,S3-489977474,S3-248378176,S3-175231511
S1-307962633	S2-604871582,S2-22544434,S2-415653047,S2-885755783,S3-152251935
S1-971070058	S2-648948605,S2-204665869,S3-259186358,S3-997282939
S1-466277913	S2-799745101,S2-650875195,S2-600409962,S3-280749539,S3-24723125
S1-759513870	S2-806217659,S2-298789861,S2-464637188,S2-503211941,S3-757550366
S1-582619930	S2-458287334,S3-665736329,S3-267021268
S1-254440362	S2-593056234,S3-734943831,S3-418652375
S1-425631822	S2-426890506,S2-932399936,S3-577199638
S1-432931957	S2-596145832,S2-958761019,S3-981713396,S3-284924975
S1-730297501	S2-913826284,S2-498113879,S3-659628079,S3-142585297,S3-117378264
S1-891833169	S2-65554277,S2-25345424
S1-424976769	S2-18126063,S3-443109567,S3-296472077
S1-625699510	
S1-953694901	S2-798975705,S2-282116255,S3-5786446,S3-860481692
S1-604865181	
S1-793447671	S2-888569504,S2-895081043,S3-388747679,S3-325254367
S1-369720553	S2-736703322,S2-309368741,S3-439447419
S1-216137765	S2-190915441,S2-680612609,S2-410963764,S2-904465183,S3-818304481
S1-9455909	S2-646408552,S3-384632970,S3-393934040,S3-133372803,S3-609989467
S1-796816825	S2-347326271,S2-196975670,S3-896547694
S1-3006430	S2-181659751,S2-794710696
S1-922626199	S2-851752978,S3-286175400,S3-1218889,S3-564988957,S3-841777268
S1-862024840	S2-74265858,S3-187313683
S1-91229135	S2-73405606,S3-960685971,S3-776763819
S1-854284989	S2-580208171,S2-54609117,S3-676690737,S3-317013910
S1-446697179	S2-377640723,S2-922150401,S2-86619877,S3-142602324,S3-787413121
S1-996012175	S2-168466570,S2-269681023,S2-322555091,S3-153285717,S3-666964577,S3-522751192
S1-424050882	S3-37198119
S1-441851025	S2-794479832,S3-516789702
S1-894049089	S2-972003483,S3-841264731,S3-892940011
S1-683515854	S2-756250340,S2-434073238,S2-597139895,S3-145863982,S3-406939248
S1-297294757	S2-831679005,S3-802514980,S3-595893944,S3-17545461
S1-287953061	S2-423926954,S2-713716483,S3-161833863,S3-368347834
S1-635770223	S2-329661878,S2-117370496,S3-755529230,S3-52020616
S1-971813156	S3-394463058
S1-734355564	S3-111095129,S3-854314313
S1-477776195	S2-871236056,S3-723948056,S3-109807026
S1-821434436	S2-965836188,S3-869884588
S1-45260965	S3-722543767,S3-602719548,S3-339187428
S1-93741603	S2-535692078,S3-730249237,S3-981096747,S3-660744201,S3-782738358,S3-78873124
S1-472139199	S2-122544659,S3-403396329,S3-474761183
S1-247776121	S2-651967616,S2-867573251,S3-430990586,S3-422475598
S1-805056706	S2-155276085,S2-152730216,S3-538340664,S3-217277717,S3-786470510
S1-106072003	S2-699555547
S1-562378871	S2-164774900,S2-125217177,S3-361884466
S1-981013217	S2-133339848,S3-123466797,S3-967493646,S3-878103824,S3-204939280
S1-573706294	S2-20524568,S3-436229899,S3-694735964,S3-953602697,S3-626666235
S1-310827934	S2-720050181,S2-169546802,S2-186080711
S1-217362890	S2-764924647,S3-871408188
S1-879276752	S2-943394264,S3-570651750,S3-144339303
S1-921549539	S2-553145531,S3-483530074,S3-596285936
S1-906428444	S2-91790174,S2-321816304,S2-664348256,S3-932095902,S3-751767229,S3-129054940,S3-71002681
S1-505333132	S2-238550131,S3-551152157,S3-484968993
S1-88224713	
S1-136601270	S2-254817327,S3-449970897,S3-162285797,S3-311795383
S1-350234058	S3-90766911
S1-838355310	S2-351731497,S2-248722765,S2-58376459,S3-460098477
S1-155848476	S2-306873906,S2-911723717,S3-79854379
S1-156380173	S2-755422053,S2-905679603,S2-954495419,S3-713859403
S1-549559960	S2-848203707,S3-292200508,S3-231650119
S1-897282581	S2-522109781,S2-812189457,S3-747124468
S1-237739500	S3-679029492,S3-797828547,S3-148513444
S1-357837082	S2-236157315,S2-65680643,S3-245902676
S1-292603366	S2-757482340,S2-638471523,S2-805392241,S2-295843240,S3-77023816
S1-108246457	S2-463492748,S2-883950674,S3-838268095,S3-122500755
S1-727766958	S2-489771335,S3-262641232,S3-216771625
S1-719571188	
S1-646393119	S2-636746717,S3-433892033,S3-465583962,S3-886048349
S1-723966103	S2-399866773,S2-334991974,S3-73180305,S3-161755914
S1-76693096	S2-78074287,S2-160988895,S3-215540151
S1-967724835	S2-457310582,S3-682315461,S3-178777115
S1-288276341	S3-815540739
S1-887125153	S2-448398036
S1-304029686	S2-469411714,S2-948269515,S3-645171149,S3-270996986
S1-166609944	S2-429123768,S2-991673471,S3-91858577,S3-912252220
S1-178800424	S2-23183100,S3-900652028
S1-924630389	S2-143853453,S3-831568644,S3-10826619
S1-81771195	S2-338811924,S3-939808100,S3-616109
S1-403692077	
S1-745867296	S2-43113841
S1-671241040	S2-904226109
S1-557991692	S2-88682972,S3-176178171,S3-853727007
S1-8713989	S2-37189974,S3-58380591,S3-817876291,S3-588750081,S3-20459433
S1-945360052	S2-146961832,S2-768746975,S3-416879878,S3-993303669,S3-403273737
S1-555242352	S2-810626996,S2-253027494,S2-256698756,S3-884140951
S1-56911061	S2-689298806,S3-49524617,S3-632926404
S1-270043704	S2-807921453,S3-397763900
S1-477515156	S2-315095658,S2-154913443,S3-311437617,S3-979362679
S1-149024193	S2-186116098,S3-604630789
S1-625272950	S2-526399876,S3-618327131
S1-225124222	S2-686284157,S2-563632605,S3-512465987,S3-538964283
S1-754023472	S2-420202495,S3-176329043,S3-616793249
S1-302461695	S2-36747880,S3-420979078
S1-692219144	S2-974874434,S2-523089825,S3-560129335
S1-609996572	S2-40869239,S2-672443639,S2-190427009,S2-657417123,S3-262044007,S3-366128148
S1-236768477	S2-490929782,S2-765988280,S3-135901754,S3-40245970,S3-103597021
S1-86469552	S2-328039185,S3-220000395,S3-918163916,S3-479224552
S1-238175541	S2-558978413,S3-542988034,S3-905308312
S1-849670817	S2-110881580,S2-620496053,S2-414936885,S2-151920731,S3-188936373,S3-57849762,S3-32572135
S1-445868199	S2-872518576,S3-527067015,S3-924959775
S1-289512402	S2-547617311,S3-89827315,S3-145008714,S3-866244606
S1-842582339	S2-718008063,S2-332783247,S3-517179359,S3-923995241,S3-789259677,S3-84822830,S3-455248213
S1-54193164	S2-414539794,S2-434257717,S2-676269902,S3-687331533,S3-486621278
S1-508701481	S2-712560178,S2-316212039,S2-1173491,S3-444227012
S1-38836424	S2-589094691,S3-881605497,S3-112223799
S1-888185705	S3-521406491
S1-298796171	
S1-65040114	S2-66755406
S1-485414585	S2-333748173,S3-122687142,S3-730989427,S3-425803841
S1-994893973	S2-203258493,S3-360939675
S1-140763859	S2-672232195,S2-952678608,S3-912364563,S3-998314844
S1-705293979	S3-967828286
S1-618624562	S2-160477274,S2-961810110,S2-14084129,S3-441239023
S1-997802413	S2-261550171,S2-926905985,S3-317367352,S3-720276770,S3-440432997
S1-679550141	S2-876234727,S2-803016719,S3-937330852,S3-805670560,S3-712537949,S3-300368164
S1-73533983	S2-48233411,S2-99841727,S3-785488951
S1-139001469	S2-94756237,S2-44497918,S3-207399315
S1-472424906	S2-221481547,S2-814158570,S3-346286668,S3-257476923,S3-869369045,S3-386776122
S1-849274176	S2-34421487,S2-769215892,S2-780835769,S3-168674505
S1-759418496	S2-924496535,S2-971927879,S2-738948758,S2-622075002,S3-995238469
S1-776686932	S2-667655982,S2-200619743,S3-653415229,S3-675413406
S1-61094929	S2-300149849,S3-681449520,S3-899083547,S3-728538969
S1-482246278	S2-715957744,S3-576586964,S3-409374685,S3-320053472
S1-660909577	S2-290734878,S2-367610025,S2-445772691,S3-775037416,S3-49358837
S1-873415495	S2-930302127,S2-447283628,S3-264890869
S1-887286027	S2-419080910,S2-194799692,S3-879493126,S3-691429700
S1-935335906	S2-577689878
S1-115827165	S2-537593145,S3-655137558,S3-27891438,S3-494929490,S3-407678354,S3-153172012
S1-680347141	S3-315706239
S1-721605946	S2-429513205,S2-9535204
S1-478804382	S2-949124193,S2-386167994,S3-105647246,S3-123682857,S3-838160083
S1-399360980	S2-13956324,S2-347388159,S3-374508454
S1-946063787	S2-96281545,S3-255658738
S1-679981169	S2-548700789,S2-756848974,S3-559602234,S3-385446229,S3-902644030,S3-253689376
S1-852122558	S2-13742356,S2-836861185,S3-541486453
S1-654078241	S2-27298391,S2-542793063,S3-778778307,S3-45895204
S1-574271583	S2-567264163,S2-626684761,S2-308807234
S1-658984896	S2-696163364,S2-37217309,S3-702254487,S3-840280069,S3-627345153
S1-452967807	S2-890764231,S2-777341549,S2-360702286,S3-39218497,S3-296354640
S1-657325262	S2-301300035,S2-463332740,S3-76857645,S3-461081164
S1-643535950	S2-585909854,S2-401486146,S3-358233206,S3-760214219
S1-331538406	S2-796474854,S3-132376439
S1-543874807	S2-953534056,S3-34254854
S1-106444962	S2-286980458,S3-965045781,S3-563299717
S1-144239108	S2-458585786,S2-894769041,S3-763849963,S3-343516741,S3-172928912,S3-483249593
S1-30407062	S2-71016918,S3-217933567
S1-438778357	S2-486963367,S2-945217743,S3-869399325,S3-480050557,S3-877961637
S1-214603601	S2-427913641,S3-930269422
S1-251124112	S2-814927676,S3-529853039
S1-95631098	S2-396676093,S3-485547199,S3-589219360,S3-864807199
S1-6536886	S2-571765856,S3-492584127,S3-818730454
S1-936762728	S2-261521011,S3-753767840,S3-519366815,S3-694371926
S1-612170454	S2-561548830,S2-215445268,S3-593746032,S3-222750920,S3-491355510,S3-101093750
S1-574902381	S2-537298124,S3-288419509,S3-818620666
S1-635996806	S2-756480026,S2-445999214,S3-770372727
S1-266344604	S2-568551176,S2-137828681,S3-362251097,S3-912583004,S3-419735406,S3-498162929,S3-300641912
S1-105568631	S2-743200797,S3-686929711
S1-534481010	S2-585844839,S2-68982903,S2-454159039,S3-41198697
S1-107023539	
S1-785467099	
S1-39001923	S2-154102797,S3-31977274
S1-536166111	S2-997199702,S2-608893501,S3-824895734,S3-773720262,S3-441934598
S1-198632900	S2-746378757,S2-797407527,S3-538157416
S1-234200949	S2-691836232,S3-885421313
S1-632458045	S2-60917290,S2-606260225,S3-755795047,S3-359610633
S1-793444283	S2-970830420,S3-154533532,S3-247104730,S3-69332653,S3-929731081
S1-342756019	S2-86156493,S3-896407818,S3-198574741,S3-502144840
S1-542878809	S2-705264903,S3-870977650
S1-906973556	S2-778660695,S2-828310920,S3-419363003
S1-218988401	S3-149207190,S3-812648319,S3-826909818
S1-63990887	S2-965330367,S3-798582752,S3-708821241
S1-68028659	S2-47997413,S2-949097457,S3-680454969
S1-144526682	S2-657272952,S3-324803888,S3-927703485,S3-183169633
S1-521254993	S2-391342801,S2-260029909,S3-543206384,S3-112547717,S3-96785772,S3-228683231
S1-184017157	S2-55250528,S3-771795745,S3-382064174
S1-612484899	S2-211182661,S2-639169093,S3-690547751,S3-841814343
S1-315874798	S2-178788281,S2-792185760,S3-652494810,S3-22789765
S1-271831358	S3-513489826,S3-658827774,S3-165943040
S1-103101914	S2-742857142,S2-262119045,S3-464737380,S3-918907997,S3-861731389,S3-681097377
S1-739445941	S2-439082067,S2-682294868,S3-176788284
S1-818389760	S3-312995706,S3-673029335,S3-909659440,S3-840843392,S3-705061486
S1-772737756	S2-880959775,S3-73995214,S3-203926449
S1-399285508	S2-731347569,S3-74011663
